{
    "OOB_position": [
        -0.02800000086426735,
        -0.20999999344348907,
        1.3459999561309814
    ],
    "OOB_rotation": [
        -0.10999999940395355,
        -39.43000030517578,
        -3.4700000286102295
    ],
    "OOB_size": [
        2.2300000190734863,
        1.6200000047683716,
        2.069999933242798
    ],
    "base": {
        "type": 2,
        "version": 1
    },
    "do_erosion": true,
    "do_local_diff_filtering": true,
    "do_min_neighbours_filtering": true,
    "erosion_connectivity": 3,
    "erosion_loops": 2,
    "filter_color": [
        0.0,
        0.5,
        0.07999999821186066
    ],
    "filter_depth_with_body_tracking": false,
    "filter_depth_with_cloud": true,
    "filter_depth_with_color": false,
    "filter_depth_with_infra": false,
    "invalidate_color_from_depth": true,
    "invalidate_infra_from_depth": false,
    "keep_only_bigger_cluster": false,
    "keep_only_points_inside_OOB": true,
    "local_diff_connectivity": 0,
    "max_depth_f": 0.7900000214576721,
    "max_diff_color": [
        20.0,
        0.5,
        0.5
    ],
    "max_distance_after_closest_point": 0.20000000298023224,
    "max_height_f": 0.9070000052452087,
    "max_local_diff": 15.0,
    "max_sphere_distance": 1000.0,
    "max_widht_f": 0.9190000295639038,
    "min_depth_f": 0.0,
    "min_height_f": 0.12800000607967377,
    "min_neighbours_connectivity": 2,
    "min_neighbours_loops": 1,
    "min_widht_f": 0.03500000014901161,
    "nb_min_neighbours": 5,
    "plane1_A": [
        1.0,
        1.0,
        0.0
    ],
    "plane1_B": [
        1.0,
        0.0,
        1.0
    ],
    "plane1_C": [
        1.0,
        0.0,
        0.0
    ],
    "plane_filtering_mode": 0,
    "remove_after_closest_point": false,
    "remove_from_point_distance": false,
    "sphere": [
        0.0,
        0.0,
        1.5
    ]
}