{
    "base": {
        "type": 4,
        "version": 1
    },
    "transformation": [
        0.9954875111579895,
        0.07637831568717957,
        -0.05631290376186371,
        0.0,
        0.06738579273223877,
        -0.9868090748786926,
        -0.14719736576080322,
        0.0,
        -0.06681278347969055,
        0.1427384316921234,
        -0.9875027537345886,
        0.0,
        0.07059460878372192,
        -0.607999324798584,
        2.3877482414245605,
        1.0
    ]
}