{
    "base": {
        "type": 6,
        "version": 1
    },
    "transformation": [
        0.9961112141609192,
        0.0669204592704773,
        -0.057309288531541824,
        0.0,
        0.05636483058333397,
        -0.9839555621147156,
        -0.16927678883075714,
        0.0,
        -0.06771788746118546,
        0.16538825631141663,
        -0.9839008450508118,
        0.0,
        0.06911956518888474,
        -0.6412678360939026,
        2.3820533752441406,
        1.0
    ]
}