{
    "base": {
        "type": 6,
        "version": 1
    },
    "transformation": [
        0.8504946827888489,
        -0.45826655626296997,
        0.2581678628921509,
        0.0,
        0.05587366223335266,
        0.5667657256126404,
        0.8219822645187378,
        0.0,
        -0.5230075716972351,
        -0.6846667528152466,
        0.5076361894607544,
        0.0,
        1.0074472427368164,
        0.6437954306602478,
        0.6809830665588379,
        1.0
    ]
}