{
    "base": {
        "type": 4,
        "version": 1
    },
    "transformation": [
        0.777011513710022,
        -0.5519461631774902,
        0.30266904830932617,
        0.0,
        0.11402639746665955,
        0.5962767601013184,
        0.794639527797699,
        0.0,
        -0.6190727353096008,
        -0.5829318761825562,
        0.5262503623962402,
        0.0,
        1.0301740169525146,
        0.564824640750885,
        0.6143695116043091,
        1.0
    ]
}