{
    "base": {
        "type": 4,
        "version": 1
    },
    "transformation": [
        0.998562216758728,
        -0.03758349269628525,
        -0.038222238421440125,
        0.0,
        0.029340848326683044,
        -0.21352992951869965,
        0.9764958620071411,
        0.0,
        -0.04486171156167984,
        -0.9762134552001953,
        -0.2121201753616333,
        0.0,
        0.05001469701528549,
        0.8839746713638306,
        1.5310064554214478,
        1.0
    ]
}