{
    "base": {
        "type": 4,
        "version": 1
    },
    "transformation": [
        0.9682338237762451,
        0.0991177186369896,
        -0.22956281900405884,
        0.0,
        0.08781712502241135,
        -0.9943904280662537,
        -0.058956436812877655,
        0.0,
        -0.23411870002746582,
        0.03692404925823212,
        -0.9715065360069275,
        0.0,
        0.2631798982620239,
        -0.20996737480163574,
        2.4433679580688477,
        1.0
    ]
}