{
    "base": {
        "type": 6,
        "version": 1
    },
    "transformation": [
        0.9987133741378784,
        -0.03840259090065956,
        -0.0331178680062294,
        0.0,
        0.024487653747200966,
        -0.20666830241680145,
        0.9781045913696289,
        0.0,
        -0.04440614953637123,
        -0.9776572585105896,
        -0.2054619938135147,
        0.0,
        0.05031847581267357,
        0.8885902762413025,
        1.5152761936187744,
        1.0
    ]
}