{
    "base": {
        "type": 4,
        "version": 1
    },
    "transformation": [
        0.9784128665924072,
        -0.1121181845664978,
        -0.1736021637916565,
        0.0,
        0.16510877013206482,
        -0.08111876249313354,
        0.9829338192939758,
        0.0,
        -0.12428715080022812,
        -0.9903784394264221,
        -0.06085594743490219,
        0.0,
        0.15156576037406921,
        1.151764154434204,
        1.3462727069854736,
        1.0
    ]
}