{
    "base": {
        "type": 4,
        "version": 1
    },
    "transformation": [
        0.7257928252220154,
        -0.2875143587589264,
        -0.624948263168335,
        0.0,
        0.0877918154001236,
        -0.8623277544975281,
        0.4986817240715027,
        0.0,
        -0.6822883486747742,
        -0.4168049395084381,
        -0.6006298661231995,
        0.0,
        1.0039317607879639,
        0.08281901478767395,
        1.889588713645935,
        1.0
    ]
}