{
    "base": {
        "type": 4,
        "version": 1
    },
    "transformation": [
        0.7586279511451721,
        0.386243999004364,
        0.5246896743774414,
        0.0,
        0.05346738547086716,
        0.7657023072242737,
        -0.640968918800354,
        0.0,
        -0.649326503276825,
        0.5143107175827026,
        0.5602316856384277,
        0.0,
        1.0039879083633423,
        -0.8866860866546631,
        0.2233148068189621,
        1.0
    ]
}