{
    "base": {
        "type": 6,
        "version": 1
    },
    "transformation": [
        0.9120349287986755,
        0.2447320520877838,
        0.329087495803833,
        0.0,
        0.021951034665107727,
        0.7721510529518127,
        -0.6350597143173218,
        0.0,
        -0.40952473878860474,
        0.586420476436615,
        0.6988565325737,
        0.0,
        1.0046825408935547,
        -0.8709785342216492,
        0.18514910340309143,
        1.0
    ]
}