{
    "base": {
        "type": 6,
        "version": 1
    },
    "transformation": [
        0.8029559254646301,
        -0.24367128312587738,
        -0.5439541339874268,
        0.0,
        0.08090013265609741,
        -0.8596153855323792,
        0.5044962763786316,
        0.0,
        -0.5905226469039917,
        -0.4490942358970642,
        -0.6705202460289001,
        0.0,
        1.0086950063705444,
        0.08683136105537415,
        1.885705590248108,
        1.0
    ]
}