{
    "settings": [
        {
            "base": {
                "type": 4,
                "version": 1
            },
            "transformation": [
                1.0,
                0.0,
                0.0,
                0.0,
                0.0,
                1.0,
                0.0,
                0.0,
                0.0,
                0.0,
                1.0,
                0.0,
                0.0,
                0.0,
                0.0,
                1.0
            ]
        },
        {
            "base": {
                "type": 4,
                "version": 1
            },
            "transformation": [
                0.9987719058990479,
                0.04940653592348099,
                0.00372479110956192,
                0.0,
                -0.009175211191177368,
                0.25830894708633423,
                -0.9660189151763916,
                0.0,
                -0.04868977144360542,
                0.9647982716560364,
                0.2584450840950012,
                0.0,
                0.06436064839363098,
                -1.5709118843078613,
                0.7864030599594116,
                1.0
            ]
        },
        {
            "base": {
                "type": 4,
                "version": 1
            },
            "transformation": [
                0.9954875111579895,
                0.07637831568717957,
                -0.05631290376186371,
                0.0,
                0.06738579273223877,
                -0.9868090748786926,
                -0.14719736576080322,
                0.0,
                -0.06681278347969055,
                0.1427384316921234,
                -0.9875027537345886,
                0.0,
                0.07059460878372192,
                -0.607999324798584,
                2.3877482414245605,
                1.0
            ]
        },
        {
            "base": {
                "type": 4,
                "version": 1
            },
            "transformation": [
                0.998562216758728,
                -0.03758349269628525,
                -0.038222238421440125,
                0.0,
                0.029340848326683044,
                -0.21352992951869965,
                0.9764958620071411,
                0.0,
                -0.04486171156167984,
                -0.9762134552001953,
                -0.2121201753616333,
                0.0,
                0.05001469701528549,
                0.8839746713638306,
                1.5310064554214478,
                1.0
            ]
        },
        {
            "base": {
                "type": 4,
                "version": 1
            },
            "transformation": [
                0.777011513710022,
                -0.5519461631774902,
                0.30266904830932617,
                0.0,
                0.11402639746665955,
                0.5962767601013184,
                0.794639527797699,
                0.0,
                -0.6190727353096008,
                -0.5829318761825562,
                0.5262503623962402,
                0.0,
                1.0301740169525146,
                0.564824640750885,
                0.6143695116043091,
                1.0
            ]
        },
        {
            "base": {
                "type": 4,
                "version": 1
            },
            "transformation": [
                0.7586279511451721,
                0.386243999004364,
                0.5246896743774414,
                0.0,
                0.05346738547086716,
                0.7657023072242737,
                -0.640968918800354,
                0.0,
                -0.649326503276825,
                0.5143107175827026,
                0.5602316856384277,
                0.0,
                1.0039879083633423,
                -0.8866860866546631,
                0.2233148068189621,
                1.0
            ]
        },
        {
            "base": {
                "type": 4,
                "version": 1
            },
            "transformation": [
                0.8011204600334167,
                0.503262996673584,
                -0.3239327073097229,
                0.0,
                0.03450402989983559,
                -0.5791734457015991,
                -0.8144738078117371,
                0.0,
                -0.5975077748298645,
                0.6413146257400513,
                -0.481352299451828,
                0.0,
                0.9856313467025757,
                -1.3386273384094238,
                1.7355111837387085,
                1.0
            ]
        },
        {
            "base": {
                "type": 4,
                "version": 1
            },
            "transformation": [
                0.7257928252220154,
                -0.2875143587589264,
                -0.624948263168335,
                0.0,
                0.0877918154001236,
                -0.8623277544975281,
                0.4986817240715027,
                0.0,
                -0.6822883486747742,
                -0.4168049395084381,
                -0.6006298661231995,
                0.0,
                1.0039317607879639,
                0.08281901478767395,
                1.889588713645935,
                1.0
            ]
        }
    ]
}