{
    "base": {
        "type": 6,
        "version": 1
    },
    "transformation": [
        0.8237046003341675,
        0.47135820984840393,
        -0.3151701092720032,
        0.0,
        0.03997667133808136,
        -0.6027297973632813,
        -0.7969433069229126,
        0.0,
        -0.5656082034111023,
        0.6438463926315308,
        -0.5153146386146545,
        0.0,
        1.0215237140655518,
        -1.2787370681762695,
        1.7708243131637573,
        1.0
    ]
}