{
    "settings": [
        {
            "base": {
                "type": 4,
                "version": 1
            },
            "transformation": [
                1.0,
                0.0,
                0.0,
                0.0,
                0.0,
                1.0,
                0.0,
                0.0,
                0.0,
                0.0,
                1.0,
                0.0,
                0.0,
                0.0,
                0.0,
                1.0
            ]
        },
        {
            "base": {
                "type": 4,
                "version": 1
            },
            "transformation": [
                0.9921734929084778,
                0.06884952634572983,
                -0.10417113453149796,
                0.0,
                -0.10714917629957199,
                0.04106828570365906,
                -0.9933944940567017,
                0.0,
                -0.06411657482385635,
                0.9967815279960632,
                0.04812408611178398,
                0.0,
                0.13270993530750275,
                -1.369741439819336,
                1.0294272899627686,
                1.0
            ]
        },
        {
            "base": {
                "type": 4,
                "version": 1
            },
            "transformation": [
                0.9682338237762451,
                0.0991177186369896,
                -0.22956281900405884,
                0.0,
                0.08781712502241135,
                -0.9943904280662537,
                -0.058956436812877655,
                0.0,
                -0.23411870002746582,
                0.03692404925823212,
                -0.9715065360069275,
                0.0,
                0.2631798982620239,
                -0.20996737480163574,
                2.4433679580688477,
                1.0
            ]
        },
        {
            "base": {
                "type": 4,
                "version": 1
            },
            "transformation": [
                0.9784128665924072,
                -0.1121181845664978,
                -0.1736021637916565,
                0.0,
                0.16510877013206482,
                -0.08111876249313354,
                0.9829338192939758,
                0.0,
                -0.12428715080022812,
                -0.9903784394264221,
                -0.06085594743490219,
                0.0,
                0.15156576037406921,
                1.151764154434204,
                1.3462727069854736,
                1.0
            ]
        }
    ]
}