{
    "base": {
        "type": 4,
        "version": 1
    },
    "transformation": [
        0.9987719058990479,
        0.04940653592348099,
        0.00372479110956192,
        0.0,
        -0.009175211191177368,
        0.25830894708633423,
        -0.9660189151763916,
        0.0,
        -0.04868977144360542,
        0.9647982716560364,
        0.2584450840950012,
        0.0,
        0.06436064839363098,
        -1.5709118843078613,
        0.7864030599594116,
        1.0
    ]
}