{
    "base": {
        "type": 4,
        "version": 1
    },
    "transformation": [
        0.8011204600334167,
        0.503262996673584,
        -0.3239327073097229,
        0.0,
        0.03450402989983559,
        -0.5791734457015991,
        -0.8144738078117371,
        0.0,
        -0.5975077748298645,
        0.6413146257400513,
        -0.481352299451828,
        0.0,
        0.9856313467025757,
        -1.3386273384094238,
        1.7355111837387085,
        1.0
    ]
}