{
    "base": {
        "type": 6,
        "version": 1
    },
    "transformation": [
        0.9990095496177673,
        0.04449605196714401,
        0.00021584192290902138,
        0.0,
        -0.009568408131599426,
        0.2195584774017334,
        -0.9755525588989258,
        0.0,
        -0.04345559701323509,
        0.9745842218399048,
        0.21976685523986816,
        0.0,
        0.05899113416671753,
        -1.577078938484192,
        0.843753457069397,
        1.0
    ]
}