{
    "base": {
        "type": 4,
        "version": 1
    },
    "transformation": [
        0.9921734929084778,
        0.06884952634572983,
        -0.10417113453149796,
        0.0,
        -0.10714917629957199,
        0.04106828570365906,
        -0.9933944940567017,
        0.0,
        -0.06411657482385635,
        0.9967815279960632,
        0.04812408611178398,
        0.0,
        0.13270993530750275,
        -1.369741439819336,
        1.0294272899627686,
        1.0
    ]
}