{"parentTransform":{"position":{"x":1.2799999713897706,"y":0.0,"z":0.0},"rotation":{"x":0.022687308490276338,"y":0.0,"z":0.0,"w":-0.9997426271438599},"scale":{"x":1.0,"y":1.0,"z":1.0}},"cloudsDisplayS":[{"display":true,"update":true,"enableBackFaceCulling":false,"tint":{"r":1.0,"g":1.0,"b":1.0,"a":1.0},"colorFactor":3.0,"particleSize":0.004999999888241291,"octogonCropFactor":0.125}]}